{"plxbqUZrHq6XAJ9q5YDrcw==":"logo2.png","8eixpCbBESALEUn35kVGdQ==":"logo2-1.png","e1r4D/eZEJ4HvAHcMxiVKA==":"background-800x600.jpg","ViPK4WqBQutoh4ABB2swmw==":"background1-966x543.jpg","LZM4g/pdzeMWcuoT774jVA==":"diesel-icon-24-146x146.jpg","ldOv70GmOkAZzkPJh0A59w==":"diesel-icon-24%20(1)-122x122.jpg","MhAtAI4CnnqDqsP2fqpeDg==":"imgbin_filling-station-fuel-dispenser-gasoline-computer-icons-png_pdra2xxt-122x122.png","qxbT/ypjf+1OG2vLJsjzyQ==":"gas-3620713-1280-96x96.png","ZAF+e3qDGseghndjpx3PfA==":"transport-07-512-512x512.png","SiaeybgPx75DYtANO2T7VQ==":"red-194x193.png","mU3D0knhd9Vc/s8upFMfcw==":"green-193x193.png","4oWtxqavti/bXHkN2PKLsA==":"yellow-170x172.png","o+avR6kvXmgle6fMCBwIVQ==":"imgbin_filling-station-fuel-dispenser-gasoline-computer-icons-png_pdra2xxt-192x192.png"}